id,first_name,last_name,load_dttm
1,Michael,P.,2023-09-13 10:20:17
2,Shawn,M.,2023-09-13 10:20:17
3,Kathleen,P.,2023-09-13 10:20:17
4,Jimmy,C.,2023-09-13 10:20:17
5,Katherine,R.,2023-09-13 10:20:17
6,Sarah,R.,2023-09-13 10:20:17
7,Martin,M.,2023-09-13 10:20:17
8,Frank,R.,2023-09-13 10:20:17
9,Jennifer,F.,2023-09-13 10:20:17
10,Henry,W.,2023-09-13 10:20:17
11,Fred,S.,2023-09-13 10:20:17
12,Amy,D.,2023-09-13 10:20:17
13,Kathleen,M.,2023-09-13 10:20:17
14,Steve,F.,2023-09-13 10:20:17
15,Teresa,H.,2023-09-13 10:20:17
16,Amanda,H.,2023-09-13 10:20:17
17,Kimberly,R.,2023-09-13 10:20:17
18,Johnny,K.,2023-09-13 10:20:17
19,Virginia,F.,2023-09-13 10:20:17
20,Anna,A.,2023-09-13 10:20:17
21,Willie,H.,2023-09-13 10:20:17
22,Sean,H.,2023-09-13 10:20:17
23,Mildred,A.,2023-09-13 10:20:17
24,David,G.,2023-09-13 10:20:17
25,Victor,H.,2023-09-13 10:20:17
26,Aaron,R.,2023-09-13 10:20:17
27,Benjamin,B.,2023-09-13 10:20:17
28,Lisa,W.,2023-09-13 10:20:17
29,Benjamin,K.,2023-09-13 10:20:17
30,Christina,W.,2023-09-13 10:20:17
31,Jane,G.,2023-09-13 10:20:17
32,Thomas,O.,2023-09-13 10:20:17
33,Katherine,M.,2023-09-13 10:20:17
34,Jennifer,S.,2023-09-13 10:20:17
35,Sara,T.,2023-09-13 10:20:17
36,Harold,O.,2023-09-13 10:20:17
37,Shirley,J.,2023-09-13 10:20:17
38,Dennis,J.,2023-09-13 10:20:17
39,Louise,W.,2023-09-13 10:20:17
40,Maria,A.,2023-09-13 10:20:17
41,Gloria,C.,2023-09-13 10:20:17
42,Diana,S.,2023-09-13 10:20:17
43,Kelly,N.,2023-09-13 10:20:17
44,Jane,R.,2023-09-13 10:20:17
45,Scott,B.,2023-09-13 10:20:17
46,Norma,C.,2023-09-13 10:20:17
47,Marie,P.,2023-09-13 10:20:17
48,Lillian,C.,2023-09-13 10:20:17
49,Judy,N.,2023-09-13 10:20:17
50,Billy,L.,2023-09-13 10:20:17
51,Howard,R.,2023-09-13 10:20:17
52,Laura,F.,2023-09-13 10:20:17
53,Anne,B.,2023-09-13 10:20:17
54,Rose,M.,2023-09-13 10:20:17
55,Nicholas,R.,2023-09-13 10:20:17
56,Joshua,K.,2023-09-13 10:20:17
57,Paul,W.,2023-09-13 10:20:17
58,Kathryn,K.,2023-09-13 10:20:17
59,Adam,A.,2023-09-13 10:20:17
60,Norma,W.,2023-09-13 10:20:17
61,Timothy,R.,2023-09-13 10:20:17
62,Elizabeth,P.,2023-09-13 10:20:17
63,Edward,G.,2023-09-13 10:20:17
64,David,C.,2023-09-13 10:20:17
65,Brenda,W.,2023-09-13 10:20:17
66,Adam,W.,2023-09-13 10:20:17
67,Michael,H.,2023-09-13 10:20:17
68,Jesse,E.,2023-09-13 10:20:17
69,Janet,P.,2023-09-13 10:20:17
70,Helen,F.,2023-09-13 10:20:17
71,Gerald,C.,2023-09-13 10:20:17
72,Kathryn,O.,2023-09-13 10:20:17
73,Alan,B.,2023-09-13 10:20:17
74,Harry,A.,2023-09-13 10:20:17
75,Andrea,H.,2023-09-13 10:20:17
76,Barbara,W.,2023-09-13 10:20:17
77,Anne,W.,2023-09-13 10:20:17
78,Harry,H.,2023-09-13 10:20:17
79,Jack,R.,2023-09-13 10:20:17
80,Phillip,H.,2023-09-13 10:20:17
81,Shirley,H.,2023-09-13 10:20:17
82,Arthur,D.,2023-09-13 10:20:17
83,Virginia,R.,2023-09-13 10:20:17
84,Christina,R.,2023-09-13 10:20:17
85,Theresa,M.,2023-09-13 10:20:17
86,Jason,C.,2023-09-13 10:20:17
87,Phillip,B.,2023-09-13 10:20:17
88,Adam,T.,2023-09-13 10:20:17
89,Margaret,J.,2023-09-13 10:20:17
90,Paul,P.,2023-09-13 10:20:17
91,Todd,W.,2023-09-13 10:20:17
92,Willie,O.,2023-09-13 10:20:17
93,Frances,R.,2023-09-13 10:20:17
94,Gregory,H.,2023-09-13 10:20:17
95,Lisa,P.,2023-09-13 10:20:17
96,Jacqueline,A.,2023-09-13 10:20:17
97,Shirley,D.,2023-09-13 10:20:17
98,Nicole,M.,2023-09-13 10:20:17
99,Mary,G.,2023-09-13 10:20:17
100,Jean,M.,2023-09-13 10:20:17
